"HtmlFile","Reference","DestinationExpectedPath","DestinationRelativePath","SourceExpectedPath","SourceExists"
"Sketches\objects\index.html","../../images/Sketches/Objects/furniture-fixtures-and-appliances/Potato","D:\github\ron-english-sketches-objects\images\Sketches\Objects\furniture-fixtures-and-appliances\Potato","images\Sketches\Objects\furniture-fixtures-and-appliances\Potato","D:\github\ron-english-sketches-and-drawings\images\Sketches\Objects\furniture-fixtures-and-appliances\Potato","False"
"Sketches\objects\furniture-fixtures-and-appliances\index.html","../../../images/Sketches/Objects/furniture-fixtures-and-appliances/Potato","D:\github\ron-english-sketches-objects\images\Sketches\Objects\furniture-fixtures-and-appliances\Potato","images\Sketches\Objects\furniture-fixtures-and-appliances\Potato","D:\github\ron-english-sketches-and-drawings\images\Sketches\Objects\furniture-fixtures-and-appliances\Potato","False"
"Sketches\objects\furniture-fixtures-and-appliances\p-o-t-a-t-o-r-a-b-b-b-i-ts-c-o-u-c-h\index.html","../../../../images/Sketches/Objects/furniture-fixtures-and-appliances/potato rabbbit","D:\github\ron-english-sketches-objects\images\Sketches\Objects\furniture-fixtures-and-appliances\potato rabbbit","images\Sketches\Objects\furniture-fixtures-and-appliances\potato rabbbit","D:\github\ron-english-sketches-and-drawings\images\Sketches\Objects\furniture-fixtures-and-appliances\potato rabbbit","False"
"Sketches\objects\furniture-fixtures-and-appliances\p-o-t-a-t-os-c-o-u-c-h\index.html","../../../../images/Sketches/Objects/furniture-fixtures-and-appliances/Potato","D:\github\ron-english-sketches-objects\images\Sketches\Objects\furniture-fixtures-and-appliances\Potato","images\Sketches\Objects\furniture-fixtures-and-appliances\Potato","D:\github\ron-english-sketches-and-drawings\images\Sketches\Objects\furniture-fixtures-and-appliances\Potato","False"
"Sketches\objects\furniture-fixtures-and-appliances\potato-s-couch\index.html","../../../../images/Sketches/Objects/furniture-fixtures-and-appliances/potato rabbbit","D:\github\ron-english-sketches-objects\images\Sketches\Objects\furniture-fixtures-and-appliances\potato rabbbit","images\Sketches\Objects\furniture-fixtures-and-appliances\potato rabbbit","D:\github\ron-english-sketches-and-drawings\images\Sketches\Objects\furniture-fixtures-and-appliances\potato rabbbit","False"
"Sketches\objects\furniture-fixtures-and-appliances\potato-s-couch\index.html","../../../../images/Sketches/Objects/furniture-fixtures-and-appliances/Potato","D:\github\ron-english-sketches-objects\images\Sketches\Objects\furniture-fixtures-and-appliances\Potato","images\Sketches\Objects\furniture-fixtures-and-appliances\Potato","D:\github\ron-english-sketches-and-drawings\images\Sketches\Objects\furniture-fixtures-and-appliances\Potato","False"
"Sketches\objects\money-and-currency\r-i-g-h-w-i-n-g-d-o-l-l-a-r-s-e-a-l\index.html","../../../../images/Sketches/Objects/money-and-currency/righwing_dollar_seal.tif","D:\github\ron-english-sketches-objects\images\Sketches\Objects\money-and-currency\righwing_dollar_seal.tif","images\Sketches\Objects\money-and-currency\righwing_dollar_seal.tif","D:\github\ron-english-sketches-and-drawings\images\Sketches\Objects\money-and-currency\righwing_dollar_seal.tif","False"
"Sketches\objects\patterns-symbols-and-icons\index.html","../../../images/Sketches/Objects/patterns-symbols-and-icons/armymenbackgroundcolored.jpg","D:\github\ron-english-sketches-objects\images\Sketches\Objects\patterns-symbols-and-icons\armymenbackgroundcolored.jpg","images\Sketches\Objects\patterns-symbols-and-icons\armymenbackgroundcolored.jpg","D:\github\ron-english-sketches-and-drawings\images\Sketches\Objects\patterns-symbols-and-icons\armymenbackgroundcolored.jpg","False"
"Sketches\objects\patterns-symbols-and-icons\index.html","../../../images/Sketches/Objects/patterns-symbols-and-icons/Delusionville%2BCamodot_HighResl.tif","D:\github\ron-english-sketches-objects\images\Sketches\Objects\patterns-symbols-and-icons\Delusionville+Camodot_HighResl.tif","images\Sketches\Objects\patterns-symbols-and-icons\Delusionville+Camodot_HighResl.tif","D:\github\ron-english-sketches-and-drawings\images\Sketches\Objects\patterns-symbols-and-icons\Delusionville+Camodot_HighResl.tif","False"
"Sketches\objects\patterns-symbols-and-icons\a-r-m-y-m-e-n-b-a-c-k-g-r-o-u-n-d-c-o-l-o-r-e-d\index.html","../../../../images/Sketches/Objects/patterns-symbols-and-icons/armymenbackgroundcolored.jpg","D:\github\ron-english-sketches-objects\images\Sketches\Objects\patterns-symbols-and-icons\armymenbackgroundcolored.jpg","images\Sketches\Objects\patterns-symbols-and-icons\armymenbackgroundcolored.jpg","D:\github\ron-english-sketches-and-drawings\images\Sketches\Objects\patterns-symbols-and-icons\armymenbackgroundcolored.jpg","False"
"Sketches\objects\patterns-symbols-and-icons\armymenbackgroundcolored\index.html","../../../../images/Sketches/Objects/patterns-symbols-and-icons/armymenbackgroundcolored.jpg","D:\github\ron-english-sketches-objects\images\Sketches\Objects\patterns-symbols-and-icons\armymenbackgroundcolored.jpg","images\Sketches\Objects\patterns-symbols-and-icons\armymenbackgroundcolored.jpg","D:\github\ron-english-sketches-and-drawings\images\Sketches\Objects\patterns-symbols-and-icons\armymenbackgroundcolored.jpg","False"
"Sketches\objects\patterns-symbols-and-icons\d-e-l-u-s-i-o-n-v-i-l-l-e-c-a-m-o-d-o-t-h-i-g-h-r-e-s-l\index.html","../../../../images/Sketches/Objects/patterns-symbols-and-icons/Delusionville%2BCamodot_HighResl.tif","D:\github\ron-english-sketches-objects\images\Sketches\Objects\patterns-symbols-and-icons\Delusionville+Camodot_HighResl.tif","images\Sketches\Objects\patterns-symbols-and-icons\Delusionville+Camodot_HighResl.tif","D:\github\ron-english-sketches-and-drawings\images\Sketches\Objects\patterns-symbols-and-icons\Delusionville+Camodot_HighResl.tif","False"
"Sketches\objects\patterns-symbols-and-icons\delusionville-camodot-high-resl\index.html","../../../../images/Sketches/Objects/patterns-symbols-and-icons/Delusionville%2BCamodot_HighResl.tif","D:\github\ron-english-sketches-objects\images\Sketches\Objects\patterns-symbols-and-icons\Delusionville+Camodot_HighResl.tif","images\Sketches\Objects\patterns-symbols-and-icons\Delusionville+Camodot_HighResl.tif","D:\github\ron-english-sketches-and-drawings\images\Sketches\Objects\patterns-symbols-and-icons\Delusionville+Camodot_HighResl.tif","False"
"Sketches\objects\patterns-symbols-and-icons\f-a-m-i-l-y-i-c-o-n-p-a-g-e-d-e-l-u-s-i-o-n-v-i-l-l-e-b-o-o-k-01\index.html","../../../../images/Sketches/Objects/patterns-symbols-and-icons/family_iconpage_delusionville_book-01.tif","D:\github\ron-english-sketches-objects\images\Sketches\Objects\patterns-symbols-and-icons\family_iconpage_delusionville_book-01.tif","images\Sketches\Objects\patterns-symbols-and-icons\family_iconpage_delusionville_book-01.tif","D:\github\ron-english-sketches-and-drawings\images\Sketches\Objects\patterns-symbols-and-icons\family_iconpage_delusionville_book-01.tif","False"
"Sketches\objects\patterns-symbols-and-icons\family-iconpage-delusionville-book-01\index.html","../../../../images/Sketches/Objects/patterns-symbols-and-icons/family_iconpage_delusionville_book-01.tif","D:\github\ron-english-sketches-objects\images\Sketches\Objects\patterns-symbols-and-icons\family_iconpage_delusionville_book-01.tif","images\Sketches\Objects\patterns-symbols-and-icons\family_iconpage_delusionville_book-01.tif","D:\github\ron-english-sketches-and-drawings\images\Sketches\Objects\patterns-symbols-and-icons\family_iconpage_delusionville_book-01.tif","False"
"Sketches\objects\weaponry-bombs-and-explosives\apple-sword\index.html","../../../../images/Sketches/Objects/weaponry-bombs-and-explosives/apple%20sword.png","D:\github\ron-english-sketches-objects\images\Sketches\Objects\weaponry-bombs-and-explosives\apple sword.png","images\Sketches\Objects\weaponry-bombs-and-explosives\apple sword.png","D:\github\ron-english-sketches-and-drawings\images\Sketches\Objects\weaponry-bombs-and-explosives\apple sword.png","False"
"Sketches\objects\wearables-and-accessories\hats\index.html","../../../../images/Sketches/Objects/wearables-and-accessories/hats/brain%20grin%20alien%20hat%20%20.png","D:\github\ron-english-sketches-objects\images\Sketches\Objects\wearables-and-accessories\hats\brain grin alien hat  .png","images\Sketches\Objects\wearables-and-accessories\hats\brain grin alien hat  .png","D:\github\ron-english-sketches-and-drawings\images\Sketches\Objects\wearables-and-accessories\hats\brain grin alien hat  .png","False"
"Sketches\objects\wearables-and-accessories\hats\a-l-i-e-n-b-u-l-b-e-a-r-h-a-t\index.html","../../../../../images/Sketches/Objects/wearables-and-accessories/hats/alien%20bulb%20ear%20hat%202.png","D:\github\ron-english-sketches-objects\images\Sketches\Objects\wearables-and-accessories\hats\alien bulb ear hat 2.png","images\Sketches\Objects\wearables-and-accessories\hats\alien bulb ear hat 2.png","D:\github\ron-english-sketches-and-drawings\images\Sketches\Objects\wearables-and-accessories\hats\alien bulb ear hat 2.png","False"
"Sketches\objects\wearables-and-accessories\hats\a-l-i-e-n-h-o-r-n-h-a-t\index.html","../../../../../images/Sketches/Objects/wearables-and-accessories/hats/alien%20horn%20hat%202.png","D:\github\ron-english-sketches-objects\images\Sketches\Objects\wearables-and-accessories\hats\alien horn hat 2.png","images\Sketches\Objects\wearables-and-accessories\hats\alien horn hat 2.png","D:\github\ron-english-sketches-and-drawings\images\Sketches\Objects\wearables-and-accessories\hats\alien horn hat 2.png","False"
"Sketches\objects\wearables-and-accessories\hats\a-l-i-e-n-k-i-t-t-y-h-a-t\index.html","../../../../../images/Sketches/Objects/wearables-and-accessories/hats/alien%20kitty%20hat.png","D:\github\ron-english-sketches-objects\images\Sketches\Objects\wearables-and-accessories\hats\alien kitty hat.png","images\Sketches\Objects\wearables-and-accessories\hats\alien kitty hat.png","D:\github\ron-english-sketches-and-drawings\images\Sketches\Objects\wearables-and-accessories\hats\alien kitty hat.png","False"
"Sketches\objects\wearables-and-accessories\hats\alien-bulb-ear-hat\index.html","../../../../../images/Sketches/Objects/wearables-and-accessories/hats/alien%20bulb%20ear%20hat%202.png","D:\github\ron-english-sketches-objects\images\Sketches\Objects\wearables-and-accessories\hats\alien bulb ear hat 2.png","images\Sketches\Objects\wearables-and-accessories\hats\alien bulb ear hat 2.png","D:\github\ron-english-sketches-and-drawings\images\Sketches\Objects\wearables-and-accessories\hats\alien bulb ear hat 2.png","False"
"Sketches\objects\wearables-and-accessories\hats\alien-horn-hat\index.html","../../../../../images/Sketches/Objects/wearables-and-accessories/hats/alien%20horn%20hat%202.png","D:\github\ron-english-sketches-objects\images\Sketches\Objects\wearables-and-accessories\hats\alien horn hat 2.png","images\Sketches\Objects\wearables-and-accessories\hats\alien horn hat 2.png","D:\github\ron-english-sketches-and-drawings\images\Sketches\Objects\wearables-and-accessories\hats\alien horn hat 2.png","False"
"Sketches\objects\wearables-and-accessories\hats\alien-kitty-hat\index.html","../../../../../images/Sketches/Objects/wearables-and-accessories/hats/alien%20kitty%20hat.png","D:\github\ron-english-sketches-objects\images\Sketches\Objects\wearables-and-accessories\hats\alien kitty hat.png","images\Sketches\Objects\wearables-and-accessories\hats\alien kitty hat.png","D:\github\ron-english-sketches-and-drawings\images\Sketches\Objects\wearables-and-accessories\hats\alien kitty hat.png","False"
"Sketches\objects\wearables-and-accessories\hats\b-r-a-i-n-g-r-i-n-a-l-i-e-n-h-a-t\index.html","../../../../../images/Sketches/Objects/wearables-and-accessories/hats/brain%20grin%20alien%20hat%20%20.png","D:\github\ron-english-sketches-objects\images\Sketches\Objects\wearables-and-accessories\hats\brain grin alien hat  .png","images\Sketches\Objects\wearables-and-accessories\hats\brain grin alien hat  .png","D:\github\ron-english-sketches-and-drawings\images\Sketches\Objects\wearables-and-accessories\hats\brain grin alien hat  .png","False"
"Sketches\objects\wearables-and-accessories\hats\brain-grin-alien-hat\index.html","../../../../../images/Sketches/Objects/wearables-and-accessories/hats/brain%20grin%20alien%20hat%20%20.png","D:\github\ron-english-sketches-objects\images\Sketches\Objects\wearables-and-accessories\hats\brain grin alien hat  .png","images\Sketches\Objects\wearables-and-accessories\hats\brain grin alien hat  .png","D:\github\ron-english-sketches-and-drawings\images\Sketches\Objects\wearables-and-accessories\hats\brain grin alien hat  .png","False"
"Sketches\objects\wearables-and-accessories\hats\m-o-n-s-t-e-r-h-a-t\index.html","../../../../../images/Sketches/Objects/wearables-and-accessories/hats/monster%20hat%202.png","D:\github\ron-english-sketches-objects\images\Sketches\Objects\wearables-and-accessories\hats\monster hat 2.png","images\Sketches\Objects\wearables-and-accessories\hats\monster hat 2.png","D:\github\ron-english-sketches-and-drawings\images\Sketches\Objects\wearables-and-accessories\hats\monster hat 2.png","False"
"Sketches\objects\wearables-and-accessories\hats\monster-hat\index.html","../../../../../images/Sketches/Objects/wearables-and-accessories/hats/monster%20hat%202.png","D:\github\ron-english-sketches-objects\images\Sketches\Objects\wearables-and-accessories\hats\monster hat 2.png","images\Sketches\Objects\wearables-and-accessories\hats\monster hat 2.png","D:\github\ron-english-sketches-and-drawings\images\Sketches\Objects\wearables-and-accessories\hats\monster hat 2.png","False"
"Sketches\objects\wearables-and-accessories\shoes\index.html","../../../../images/Sketches/Objects/wearables-and-accessories/shoes/racecar%20shoe%20png.png","D:\github\ron-english-sketches-objects\images\Sketches\Objects\wearables-and-accessories\shoes\racecar shoe png.png","images\Sketches\Objects\wearables-and-accessories\shoes\racecar shoe png.png","D:\github\ron-english-sketches-and-drawings\images\Sketches\Objects\wearables-and-accessories\shoes\racecar shoe png.png","False"
"Sketches\objects\wearables-and-accessories\shoes\index.html","../../../../images/Sketches/Objects/wearables-and-accessories/shoes/shoe.bmp","D:\github\ron-english-sketches-objects\images\Sketches\Objects\wearables-and-accessories\shoes\shoe.bmp","images\Sketches\Objects\wearables-and-accessories\shoes\shoe.bmp","D:\github\ron-english-sketches-and-drawings\images\Sketches\Objects\wearables-and-accessories\shoes\shoe.bmp","False"
"Sketches\objects\wearables-and-accessories\shoes\r-a-c-e-c-a-r-s-h-o-e\index.html","../../../../../images/Sketches/Objects/wearables-and-accessories/shoes/racecar%20shoe%20png.png","D:\github\ron-english-sketches-objects\images\Sketches\Objects\wearables-and-accessories\shoes\racecar shoe png.png","images\Sketches\Objects\wearables-and-accessories\shoes\racecar shoe png.png","D:\github\ron-english-sketches-and-drawings\images\Sketches\Objects\wearables-and-accessories\shoes\racecar shoe png.png","False"
"Sketches\objects\wearables-and-accessories\shoes\r-a-c-e-c-a-r-s-h-o-e\index.html","../../../../../images/Sketches/Objects/wearables-and-accessories/shoes/racecar_shoe%20png.png","D:\github\ron-english-sketches-objects\images\Sketches\Objects\wearables-and-accessories\shoes\racecar_shoe png.png","images\Sketches\Objects\wearables-and-accessories\shoes\racecar_shoe png.png","D:\github\ron-english-sketches-and-drawings\images\Sketches\Objects\wearables-and-accessories\shoes\racecar_shoe png.png","False"
"Sketches\objects\wearables-and-accessories\shoes\racecar-shoe\index.html","../../../../../images/Sketches/Objects/wearables-and-accessories/shoes/racecar%20shoe%20png.png","D:\github\ron-english-sketches-objects\images\Sketches\Objects\wearables-and-accessories\shoes\racecar shoe png.png","images\Sketches\Objects\wearables-and-accessories\shoes\racecar shoe png.png","D:\github\ron-english-sketches-and-drawings\images\Sketches\Objects\wearables-and-accessories\shoes\racecar shoe png.png","False"
"Sketches\objects\wearables-and-accessories\shoes\racecar-shoe\index.html","../../../../../images/Sketches/Objects/wearables-and-accessories/shoes/racecar_shoe%20png.png","D:\github\ron-english-sketches-objects\images\Sketches\Objects\wearables-and-accessories\shoes\racecar_shoe png.png","images\Sketches\Objects\wearables-and-accessories\shoes\racecar_shoe png.png","D:\github\ron-english-sketches-and-drawings\images\Sketches\Objects\wearables-and-accessories\shoes\racecar_shoe png.png","False"
"Sketches\objects\wearables-and-accessories\shoes\s-h-o-e\index.html","../../../../../images/Sketches/Objects/wearables-and-accessories/shoes/shoe.bmp","D:\github\ron-english-sketches-objects\images\Sketches\Objects\wearables-and-accessories\shoes\shoe.bmp","images\Sketches\Objects\wearables-and-accessories\shoes\shoe.bmp","D:\github\ron-english-sketches-and-drawings\images\Sketches\Objects\wearables-and-accessories\shoes\shoe.bmp","False"
"Sketches\objects\wearables-and-accessories\shoes\shoe\index.html","../../../../../images/Sketches/Objects/wearables-and-accessories/shoes/shoe.bmp","D:\github\ron-english-sketches-objects\images\Sketches\Objects\wearables-and-accessories\shoes\shoe.bmp","images\Sketches\Objects\wearables-and-accessories\shoes\shoe.bmp","D:\github\ron-english-sketches-and-drawings\images\Sketches\Objects\wearables-and-accessories\shoes\shoe.bmp","False"
